timestamp,username,src_ip,status,location
2026-03-01 08:02:00,henry,192.168.1.22,success,New York
2026-03-01 08:03:00,charlie,203.0.113.45,failed,Nairobi
2026-03-01 08:06:00,bob,10.0.0.8,success,Toronto
2026-03-01 08:10:00,henry,192.168.1.22,failed,Abuja
2026-03-01 08:13:00,grace,203.0.113.45,failed,Berlin
2026-03-01 08:17:00,frank,172.16.0.3,failed,Abuja
2026-03-01 08:18:00,grace,10.0.0.8,failed,Abuja
2026-03-01 08:23:00,frank,192.168.1.22,failed,Nairobi
2026-03-01 08:25:00,david,8.8.8.8,success,London
2026-03-01 08:29:00,charlie,8.8.8.8,failed,Dubai
2026-03-01 08:31:00,grace,198.51.100.23,success,London
2026-03-01 08:33:00,emma,198.51.100.23,failed,New York
2026-03-01 08:37:00,frank,8.8.8.8,success,Dubai
2026-03-01 08:41:00,bob,198.51.100.23,failed,Dubai
2026-03-01 08:43:00,bob,10.0.0.8,success,Lagos
2026-03-01 08:46:00,david,192.168.1.10,failed,Toronto
2026-03-01 08:49:00,henry,203.0.113.45,success,Dubai
2026-03-01 08:52:00,david,192.168.1.10,success,Abuja
2026-03-01 08:54:00,bob,10.0.0.8,success,Lagos
2026-03-01 08:58:00,frank,203.0.113.45,success,London
2026-03-01 09:00:00,alice,172.16.0.3,failed,Nairobi
2026-03-01 09:03:00,alice,8.8.8.8,success,Toronto
2026-03-01 09:08:00,frank,203.0.113.45,success,Nairobi
2026-03-01 09:09:00,frank,192.168.1.22,success,New York
2026-03-01 09:13:00,henry,198.51.100.23,success,Dubai
2026-03-01 09:16:00,charlie,172.16.0.3,failed,New York
2026-03-01 09:19:00,emma,8.8.8.8,success,Toronto
2026-03-01 09:21:00,henry,203.0.113.45,success,Nairobi
2026-03-01 09:25:00,charlie,172.16.0.3,success,Toronto
2026-03-01 09:29:00,frank,198.51.100.23,success,Dubai
2026-03-01 09:31:00,bob,203.0.113.45,success,Berlin
2026-03-01 09:35:00,henry,198.51.100.23,success,New York
2026-03-01 09:38:00,alice,192.168.1.10,success,Berlin
2026-03-01 09:41:00,david,172.16.0.3,success,London
2026-03-01 09:44:00,alice,203.0.113.45,success,Lagos
2026-03-01 09:47:00,henry,8.8.8.8,failed,Abuja
2026-03-01 09:50:00,bob,203.0.113.45,success,Berlin
2026-03-01 09:51:00,david,10.0.0.5,success,Berlin
2026-03-01 09:55:00,alice,10.0.0.8,success,Abuja
2026-03-01 09:59:00,grace,10.0.0.8,failed,Lagos
2026-03-01 10:02:00,charlie,10.0.0.5,failed,Nairobi
2026-03-01 10:04:00,henry,10.0.0.8,success,London
2026-03-01 10:07:00,alice,198.51.100.23,failed,New York
2026-03-01 10:11:00,bob,10.0.0.5,failed,Lagos
2026-03-01 10:14:00,emma,172.16.0.3,failed,London
2026-03-01 10:16:00,charlie,172.16.0.3,failed,Toronto
2026-03-01 10:19:00,charlie,192.168.1.10,failed,New York
2026-03-01 10:23:00,henry,8.8.8.8,failed,New York
2026-03-01 10:25:00,bob,8.8.8.8,failed,New York
2026-03-01 10:27:00,alice,8.8.8.8,success,New York
2026-03-01 10:30:00,charlie,203.0.113.45,success,Nairobi
2026-03-01 10:34:00,emma,192.168.1.22,failed,Abuja
2026-03-01 10:37:00,alice,192.168.1.10,failed,Berlin
2026-03-01 10:39:00,frank,172.16.0.3,success,Toronto
2026-03-01 10:42:00,grace,192.168.1.10,success,Lagos
2026-03-01 10:46:00,henry,8.8.8.8,success,Abuja
2026-03-01 10:49:00,david,8.8.8.8,failed,London
2026-03-01 10:51:00,henry,203.0.113.45,success,Lagos
2026-03-01 10:56:00,emma,172.16.0.3,failed,New York
2026-03-01 10:58:00,emma,8.8.8.8,failed,Abuja
2026-03-01 11:02:00,henry,198.51.100.23,failed,New York
2026-03-01 11:04:00,alice,8.8.8.8,success,London
2026-03-01 11:07:00,grace,172.16.0.3,success,London
2026-03-01 11:11:00,grace,172.16.0.3,success,Toronto
2026-03-01 11:14:00,bob,192.168.1.22,success,Dubai
2026-03-01 11:17:00,henry,172.16.0.3,failed,New York
2026-03-01 11:20:00,henry,10.0.0.8,failed,New York
2026-03-01 11:22:00,henry,203.0.113.45,success,Lagos
2026-03-01 11:26:00,henry,10.0.0.8,success,London
2026-03-01 11:29:00,david,192.168.1.22,failed,Toronto
2026-03-01 11:31:00,grace,10.0.0.5,failed,Lagos
2026-03-01 11:33:00,grace,203.0.113.45,success,London
2026-03-01 11:37:00,bob,10.0.0.5,success,Dubai
2026-03-01 11:41:00,grace,198.51.100.23,failed,Nairobi
2026-03-01 11:42:00,grace,203.0.113.45,success,Lagos
2026-03-01 11:46:00,bob,192.168.1.10,success,Lagos
2026-03-01 11:48:00,david,8.8.8.8,success,New York
2026-03-01 11:52:00,charlie,192.168.1.10,failed,Dubai
2026-03-01 11:55:00,frank,203.0.113.45,success,Berlin
2026-03-01 11:59:00,henry,172.16.0.3,success,Dubai
2026-03-01 12:01:00,charlie,192.168.1.22,success,New York
2026-03-01 12:03:00,emma,198.51.100.23,success,Dubai
2026-03-01 12:08:00,emma,10.0.0.8,failed,Dubai
2026-03-01 12:11:00,emma,203.0.113.45,success,Dubai
2026-03-01 12:12:00,frank,198.51.100.23,success,Dubai
2026-03-01 12:15:00,alice,8.8.8.8,failed,Lagos
2026-03-01 12:20:00,charlie,192.168.1.22,failed,Abuja
2026-03-01 12:21:00,bob,10.0.0.8,success,London
2026-03-01 12:24:00,charlie,203.0.113.45,failed,New York
2026-03-01 12:27:00,grace,198.51.100.23,success,Dubai
2026-03-01 12:31:00,frank,8.8.8.8,success,Dubai
2026-03-01 12:34:00,grace,203.0.113.45,success,Dubai
2026-03-01 12:38:00,alice,192.168.1.22,success,Nairobi
2026-03-01 12:39:00,alice,192.168.1.22,failed,London
2026-03-01 12:44:00,frank,10.0.0.5,success,Toronto
2026-03-01 12:46:00,frank,10.0.0.8,success,Berlin
2026-03-01 12:49:00,grace,198.51.100.23,success,Nairobi
2026-03-01 12:51:00,alice,172.16.0.3,success,London
2026-03-01 12:56:00,charlie,172.16.0.3,failed,Nairobi
2026-03-01 12:57:00,frank,203.0.113.45,failed,Dubai
2026-03-01 13:00:00,charlie,172.16.0.3,failed,Abuja
2026-03-01 13:04:00,henry,198.51.100.23,failed,Berlin
2026-03-01 13:07:00,henry,10.0.0.5,failed,Abuja
2026-03-01 13:11:00,henry,192.168.1.22,failed,Dubai
2026-03-01 13:13:00,henry,10.0.0.5,failed,London
2026-03-01 13:15:00,frank,203.0.113.45,success,New York
2026-03-01 13:19:00,charlie,10.0.0.8,success,Toronto
2026-03-01 13:23:00,grace,203.0.113.45,success,Lagos
2026-03-01 13:24:00,frank,198.51.100.23,success,Lagos
2026-03-01 13:29:00,bob,192.168.1.10,failed,New York
2026-03-01 13:30:00,emma,203.0.113.45,failed,Abuja
2026-03-01 13:34:00,henry,198.51.100.23,success,Berlin
2026-03-01 13:37:00,bob,198.51.100.23,failed,Toronto
2026-03-01 13:41:00,alice,172.16.0.3,failed,Toronto
2026-03-01 13:44:00,alice,203.0.113.45,success,Lagos
2026-03-01 13:45:00,henry,8.8.8.8,success,New York
2026-03-01 13:48:00,grace,10.0.0.5,failed,Dubai
2026-03-01 13:53:00,frank,198.51.100.23,success,Dubai
2026-03-01 13:55:00,henry,198.51.100.23,success,London
2026-03-01 13:58:00,emma,192.168.1.10,success,Toronto
2026-03-01 14:00:00,grace,8.8.8.8,success,London
2026-03-01 14:03:00,emma,192.168.1.10,success,Lagos
2026-03-01 14:07:00,grace,8.8.8.8,success,Nairobi
2026-03-01 14:09:00,charlie,192.168.1.22,failed,Berlin
2026-03-01 14:12:00,henry,198.51.100.23,failed,Toronto
2026-03-01 14:17:00,grace,203.0.113.45,failed,Toronto
2026-03-01 14:18:00,henry,203.0.113.45,success,New York
2026-03-01 14:23:00,henry,8.8.8.8,success,London
2026-03-01 14:25:00,emma,10.0.0.5,success,Lagos
2026-03-01 14:28:00,emma,192.168.1.10,success,Berlin
2026-03-01 14:31:00,frank,10.0.0.8,failed,Berlin
2026-03-01 14:34:00,frank,8.8.8.8,failed,Berlin
2026-03-01 14:38:00,alice,10.0.0.5,success,Nairobi
2026-03-01 14:39:00,emma,203.0.113.45,failed,Dubai
2026-03-01 14:43:00,david,8.8.8.8,failed,Abuja
2026-03-01 14:45:00,emma,192.168.1.22,failed,Berlin
2026-03-01 14:49:00,david,192.168.1.22,success,Lagos
2026-03-01 14:53:00,henry,10.0.0.8,success,Nairobi
2026-03-01 14:55:00,bob,10.0.0.5,failed,Berlin
2026-03-01 14:59:00,grace,172.16.0.3,success,Lagos
2026-03-01 15:00:00,emma,10.0.0.8,failed,Toronto
2026-03-01 15:03:00,frank,192.168.1.22,failed,Berlin
2026-03-01 15:08:00,alice,203.0.113.45,success,Abuja
2026-03-01 15:09:00,bob,8.8.8.8,success,Nairobi
2026-03-01 15:14:00,bob,192.168.1.22,success,Lagos
2026-03-01 15:15:00,charlie,192.168.1.10,success,Dubai
2026-03-01 15:19:00,emma,10.0.0.5,failed,Toronto
2026-03-01 15:23:00,grace,10.0.0.8,failed,Nairobi
2026-03-01 15:25:00,emma,192.168.1.22,success,Dubai
2026-03-01 15:29:00,charlie,172.16.0.3,success,Toronto
2026-03-01 15:30:00,alice,203.0.113.45,success,Lagos
2026-03-01 15:35:00,frank,198.51.100.23,failed,London
2026-03-01 15:37:00,bob,198.51.100.23,success,Toronto
2026-03-01 15:40:00,charlie,172.16.0.3,failed,Dubai
2026-03-01 15:43:00,alice,10.0.0.5,success,Berlin
2026-03-01 15:47:00,frank,192.168.1.22,success,London
2026-03-01 15:50:00,charlie,8.8.8.8,failed,Toronto
2026-03-01 15:52:00,alice,192.168.1.10,success,Berlin
2026-03-01 15:56:00,charlie,172.16.0.3,success,Berlin
2026-03-01 15:58:00,grace,192.168.1.22,success,New York
2026-03-01 16:01:00,henry,8.8.8.8,success,New York
2026-03-01 16:05:00,frank,8.8.8.8,success,London
2026-03-01 16:08:00,frank,198.51.100.23,success,London
2026-03-01 16:11:00,charlie,198.51.100.23,failed,Toronto
2026-03-01 16:13:00,alice,10.0.0.8,success,Dubai
2026-03-01 16:17:00,frank,203.0.113.45,success,Abuja
2026-03-01 16:19:00,david,172.16.0.3,failed,Dubai
2026-03-01 16:21:00,charlie,198.51.100.23,success,Nairobi
2026-03-01 16:24:00,grace,8.8.8.8,failed,Abuja
2026-03-01 16:27:00,alice,172.16.0.3,success,Berlin
2026-03-01 16:30:00,emma,192.168.1.22,failed,Dubai
2026-03-01 16:34:00,bob,203.0.113.45,success,Lagos
2026-03-01 16:36:00,bob,192.168.1.10,success,Toronto
2026-03-01 16:41:00,bob,192.168.1.10,failed,Abuja
2026-03-01 16:42:00,charlie,172.16.0.3,success,New York
2026-03-01 16:47:00,emma,203.0.113.45,failed,Toronto
2026-03-01 16:49:00,bob,192.168.1.22,success,London
2026-03-01 16:52:00,emma,198.51.100.23,success,London
2026-03-01 16:55:00,bob,8.8.8.8,success,Berlin
2026-03-01 16:58:00,grace,10.0.0.5,failed,London
2026-03-01 17:00:00,charlie,172.16.0.3,success,Nairobi
2026-03-01 17:03:00,grace,172.16.0.3,success,Abuja
2026-03-01 17:08:00,charlie,198.51.100.23,success,Berlin
2026-03-01 17:09:00,charlie,192.168.1.22,success,Toronto
2026-03-01 17:14:00,henry,203.0.113.45,success,London
2026-03-01 17:15:00,henry,198.51.100.23,success,Berlin
2026-03-01 17:20:00,grace,192.168.1.22,failed,London
2026-03-01 17:23:00,frank,172.16.0.3,failed,New York
2026-03-01 17:25:00,alice,10.0.0.8,success,Abuja
2026-03-01 17:27:00,grace,192.168.1.22,success,Dubai
2026-03-01 17:30:00,alice,192.168.1.10,failed,Dubai
2026-03-01 17:34:00,david,192.168.1.10,success,Nairobi
2026-03-01 17:38:00,alice,10.0.0.8,success,Berlin
2026-03-01 17:39:00,bob,203.0.113.45,failed,Lagos
2026-03-01 17:43:00,alice,192.168.1.22,failed,London
2026-03-01 17:46:00,frank,198.51.100.23,failed,Berlin
2026-03-01 17:49:00,henry,192.168.1.22,failed,Dubai
2026-03-01 17:51:00,bob,192.168.1.10,success,Berlin
2026-03-01 17:55:00,emma,198.51.100.23,success,London
2026-03-01 17:59:00,charlie,172.16.0.3,failed,London
2026-03-01 13:00:00,alice,203.0.113.45,failed,Unknown
2026-03-01 13:01:00,alice,203.0.113.45,failed,Unknown
2026-03-01 13:02:00,alice,203.0.113.45,failed,Unknown
2026-03-01 13:03:00,alice,203.0.113.45,failed,Unknown
2026-03-01 13:04:00,alice,203.0.113.45,failed,Unknown
2026-03-01 13:05:00,alice,203.0.113.45,failed,Unknown
2026-03-01 13:06:00,alice,203.0.113.45,failed,Unknown
2026-03-01 13:07:00,alice,203.0.113.45,failed,Unknown
2026-03-01 13:08:00,alice,203.0.113.45,failed,Unknown
2026-03-01 13:09:00,alice,203.0.113.45,failed,Unknown